,Country,Population Aged 0 to 14 (%),Population Aged 60 and Over (%),Population density,Population(in millions),Female Population(in millions),Male Population(in millions),Sex ratio (males per 100 females),Working-Age (15-59) %,Youth Dependency Ratio,Old-Age Dependency Ratio,Total Dependency Ratio,Country_Standard,iso_alpha3,Continent
0,Afghanistan,42.9,3.9,65.7,42.65,21.12,21.53,102.0,53.2,80.6390977443609,7.330827067669173,87.96992481203007,Afghanistan,AFG,Asia
1,Albania,16.8,23.5,101.9,2.79,1.41,1.38,97.8,59.7,28.14070351758794,39.36348408710217,67.50418760469012,Albania,ALB,Europe
2,Algeria,30.3,10.0,19.7,46.81,22.94,23.87,104.1,59.7,50.753768844221106,16.75041876046901,67.50418760469012,Algeria,DZA,Africa
3,Andorra,11.9,23.2,174.3,0.08,0.04,0.04,104.6,64.89999999999999,18.335901386748848,35.747303543913716,54.08320493066256,Andorra,AND,Europe
4,Angola,44.4,4.6,30.4,37.89,19.14,18.75,98.0,51.0,87.05882352941177,9.019607843137255,96.07843137254902,Angola,AGO,Africa
5,Antigua and Barbuda,17.8,17.7,213.1,0.09,0.05,0.04,90.8,64.5,27.596899224806204,27.44186046511628,55.038759689922486,Antigua and Barbuda,ATG,North America
6,Argentina,21.6,16.8,16.4,45.7,23.02,22.68,98.5,61.60000000000001,35.06493506493506,27.27272727272727,62.33766233766232,Argentina,ARG,South America
7,Armenia,19.2,20.4,104.5,2.97,1.59,1.38,86.7,60.4,31.788079470198678,33.77483443708609,65.56291390728477,Armenia,ARM,Asia
8,Australia,17.8,23.5,3.5,26.71,13.46,13.25,98.5,58.7,30.3236797274276,40.03407155025553,70.35775127768314,Australia,AUS,Oceania
9,Austria,14.2,27.9,110.5,9.12,4.63,4.49,97.0,57.9,24.52504317789292,48.18652849740933,72.71157167530225,Austria,AUT,Europe
10,Azerbaijan,21.8,14.2,125.1,10.34,5.27,5.07,96.1,64.0,34.0625,22.1875,56.25,Azerbaijan,AZE,Asia
11,Bahamas,17.9,17.0,74.9,0.4,0.21,0.19,91.4,65.1,27.49615975422427,26.113671274961597,53.60983102918587,Bahamas,BHS,North America
12,Bahrain,18.7,6.7,2052.4,1.61,0.61,1.0,163.4,74.6,25.067024128686327,8.981233243967829,34.048257372654156,Bahrain,BHR,Asia
13,Bangladesh,28.0,9.5,1333.4,173.56,88.22,85.34,96.7,62.5,44.800000000000004,15.2,60.0,Bangladesh,BGD,Asia
14,Barbados,17.2,23.3,656.9,0.28,0.15,0.14,92.1,59.5,28.90756302521008,39.15966386554622,68.0672268907563,Barbados,BRB,North America
15,Belarus,16.3,25.0,44.6,9.06,4.84,4.22,87.3,58.7,27.76831345826235,42.58943781942078,70.35775127768314,Belarus,BLR,Europe
16,Belgium,16.0,27.2,387.7,11.74,5.95,5.79,97.3,56.8,28.169014084507044,47.887323943661976,76.05633802816902,Belgium,BEL,Europe
17,Belize,26.6,8.0,18.3,0.42,0.21,0.21,101.8,65.4,40.67278287461774,12.232415902140671,52.90519877675841,Belize,BLZ,North America
18,Benin,41.6,5.0,128.3,14.46,7.21,7.25,100.6,53.4,77.90262172284645,9.363295880149813,87.26591760299627,Benin,BEN,Africa
19,Bhutan,20.9,9.6,20.6,0.79,0.37,0.42,114.8,69.5,30.071942446043167,13.81294964028777,43.884892086330936,Bhutan,BTN,Asia
20,Bolivia,29.8,8.5,11.5,12.41,6.19,6.22,100.4,61.7,48.29821717990275,13.776337115072934,62.074554294975684,Bolivia,BOL,South America
21,Bosnia and Herzegovina,13.0,30.2,61.8,3.16,1.66,1.51,90.8,56.8,22.887323943661972,53.16901408450705,76.05633802816902,Bosnia and Herzegovina,BIH,Europe
22,Botswana,32.1,6.1,4.4,2.52,1.26,1.26,99.4,61.800000000000004,51.94174757281553,9.870550161812297,61.812297734627826,Botswana,BWA,Africa
23,Brazil,19.7,16.1,25.4,212.0,107.7,104.3,96.8,64.19999999999999,30.685358255451717,25.077881619937703,55.76323987538942,Brazil,BRA,South America
24,Brunei,20.8,10.9,80.3,0.46,0.22,0.25,113.2,68.3,30.45387994143485,15.95900439238653,46.41288433382138,Brunei Darussalam,BRN,Asia
25,Bulgaria,14.5,28.6,62.3,6.76,3.49,3.27,93.8,56.9,25.48330404217926,50.26362038664324,75.7469244288225,Bulgaria,BGR,Europe
26,Burkina Faso,41.8,4.3,86.1,23.55,11.82,11.73,99.3,53.900000000000006,77.55102040816325,7.97773654916512,85.52875695732837,Burkina Faso,BFA,Africa
27,Burundi,44.7,3.9,541.3,14.05,7.07,6.98,98.7,51.4,86.96498054474709,7.587548638132295,94.55252918287938,Burundi,BDI,Africa
28,Cape Verde,25.5,10.6,130.2,0.52,0.26,0.27,103.5,63.9,39.906103286384976,16.588419405320813,56.49452269170579,Cabo Verde,CPV,Africa
29,Cambodia,29.8,9.6,97.4,17.64,9.0,8.64,96.1,60.6,49.17491749174918,15.841584158415841,65.01650165016503,Cambodia,KHM,Asia
30,Cameroon,41.4,4.4,62.5,29.12,14.61,14.51,99.3,54.2,76.38376383763837,8.118081180811808,84.50184501845018,Cameroon,CMR,Africa
31,Canada,15.1,26.6,4.4,39.74,20.01,19.74,98.6,58.300000000000004,25.900514579759857,45.62607204116638,71.52658662092624,Canada,CAN,North America
32,Central African Republic,49.0,3.6,8.6,5.33,2.77,2.56,92.3,47.4,103.37552742616035,7.59493670886076,110.9704641350211,Central African Republic,CAF,Africa
33,Chad,46.1,3.5,16.1,20.3,10.12,10.18,100.6,50.4,91.46825396825398,6.944444444444445,98.41269841269842,Chad,TCD,Africa
34,Chile,17.0,19.6,26.2,19.76,9.94,9.82,98.8,63.4,26.813880126182966,30.914826498422716,57.72870662460568,Chile,CHL,South America
35,China,16.0,20.6,147.8,1419.32,696.3,723.02,103.8,63.4,25.236593059936908,32.49211356466877,57.72870662460568,China,CHN,Asia
36,Colombia,20.3,14.6,47.1,52.89,26.79,26.1,97.4,65.10000000000001,31.182795698924725,22.427035330261134,53.609831029185855,Colombia,COL,South America
37,Comoros,37.1,6.7,465.7,0.87,0.43,0.44,101.2,56.199999999999996,66.01423487544484,11.921708185053383,77.93594306049823,Comoros,COM,Africa
38,Congo,40.4,5.0,18.5,6.33,3.17,3.17,100.0,54.6,73.99267399267399,9.157509157509157,83.15018315018314,Congo Republic,COG,Africa
39,Costa Rica,18.8,17.5,100.5,5.13,2.6,2.53,97.7,63.7,29.513343799058084,27.47252747252747,56.98587127158555,Costa Rica,CRI,North America
40,Croatia,13.9,30.5,69.3,3.88,2.01,1.87,93.2,55.599999999999994,25.000000000000007,54.85611510791367,79.85611510791368,Croatia,HRV,Europe
41,Cuba,15.3,24.0,102.8,10.98,5.56,5.42,97.4,60.7,25.205930807248766,39.53871499176277,64.74464579901154,Cuba,CUB,North America
42,Cyprus,16.1,20.0,147.0,1.36,0.67,0.68,101.5,63.900000000000006,25.19561815336463,31.298904538341155,56.49452269170578,Cyprus,CYP,Asia
43,Czech Republic,15.4,26.5,139.1,10.74,5.44,5.29,97.3,58.099999999999994,26.506024096385545,45.61101549053357,72.1170395869191,Czechia,CZE,Europe
44,Côte d’Ivoire,40.9,4.3,100.4,31.93,15.69,16.25,103.6,54.800000000000004,74.63503649635037,7.846715328467152,82.48175182481752,Cote d'Ivoire,CIV,Other
45,North Korea,18.9,18.1,220.1,26.5,13.39,13.11,97.9,62.99999999999999,30.0,28.730158730158735,58.730158730158735,North Korea,PRK,Asia
46,Democratic Republic of the Congo,46.0,4.8,48.2,109.28,55.06,54.22,98.5,49.2,93.4959349593496,9.75609756097561,103.2520325203252,DR Congo,COD,Africa
47,Denmark,15.7,27.1,141.0,5.98,3.01,2.97,98.8,57.199999999999996,27.447552447552447,47.37762237762239,74.82517482517483,Denmark,DNK,Europe
48,Djibouti,29.2,7.6,50.4,1.17,0.59,0.58,98.3,63.199999999999996,46.20253164556962,12.025316455696203,58.22784810126582,Djibouti,DJI,Africa
49,Dominica,17.9,18.9,88.3,0.07,0.03,0.03,100.0,63.199999999999996,28.322784810126585,29.90506329113924,58.22784810126582,Dominica,DMA,North America
50,Dominican Republic,26.6,11.8,236.5,11.43,5.75,5.68,98.9,61.60000000000001,43.18181818181818,19.155844155844154,62.33766233766234,Dominican Republic,DOM,North America
51,Ecuador,24.5,12.0,73.0,18.14,9.09,9.04,99.4,63.5,38.582677165354326,18.89763779527559,57.48031496062991,Ecuador,ECU,South America
52,Egypt,32.0,8.2,117.1,116.54,57.7,58.84,102.0,59.8,53.51170568561873,13.712374581939798,67.22408026755852,Egypt,EGY,Africa
53,El Salvador,24.8,11.6,305.9,6.34,3.33,3.01,90.5,63.6,38.9937106918239,18.238993710691823,57.23270440251572,El Salvador,SLV,North America
54,Equatorial Guinea,37.3,6.1,67.5,1.89,0.89,1.0,111.5,56.6,65.90106007067136,10.7773851590106,76.67844522968196,Equatorial Guinea,GNQ,Africa
55,Eritrea,38.1,6.4,29.2,3.54,1.79,1.75,97.5,55.5,68.64864864864865,11.531531531531531,80.18018018018017,Eritrea,ERI,Africa
56,Estonia,15.6,27.7,31.3,1.36,0.71,0.65,90.6,56.7,27.513227513227513,48.85361552028218,76.3668430335097,Estonia,EST,Europe
57,Eswatini,33.4,6.4,71.6,1.24,0.63,0.61,96.5,60.199999999999996,55.48172757475083,10.6312292358804,66.11295681063123,Eswatini,SWZ,Africa
58,Ethiopia,39.1,5.1,132.1,132.06,65.89,66.17,100.4,55.8,70.07168458781362,9.13978494623656,79.21146953405018,Ethiopia,ETH,Africa
59,Fiji,27.1,10.5,50.8,0.93,0.47,0.46,98.5,62.400000000000006,43.429487179487175,16.826923076923077,60.25641025641025,Fiji,FJI,Oceania
60,Finland,14.6,30.4,18.6,5.62,2.84,2.78,97.7,55.00000000000001,26.54545454545454,55.27272727272726,81.8181818181818,Finland,FIN,Europe
61,France,16.5,28.4,120.7,66.55,34.29,32.26,94.1,55.1,29.945553539019965,51.54264972776769,81.48820326678765,France,FRA,Europe
62,Gabon,36.5,6.3,9.9,2.54,1.25,1.29,103.1,57.2,63.81118881118881,11.013986013986013,74.82517482517483,Gabon,GAB,Africa
63,Gambia,40.2,5.2,272.7,2.76,1.39,1.37,99.2,54.599999999999994,73.62637362637365,9.523809523809526,83.15018315018318,Gambia,GMB,Africa
64,Georgia,20.8,22.0,54.8,3.81,2.03,1.77,87.3,57.2,36.36363636363637,38.46153846153846,74.82517482517483,Georgia,GEO,Asia
65,Germany,13.9,31.0,242.6,84.55,42.8,41.75,97.6,55.099999999999994,25.226860254083487,56.26134301270418,81.48820326678766,Germany,DEU,Europe
66,Ghana,35.8,6.1,151.3,34.43,17.23,17.19,99.8,58.1,61.61790017211703,10.499139414802064,72.11703958691909,Ghana,GHA,Africa
67,Greece,13.2,30.7,76.8,10.05,5.18,4.87,93.9,56.099999999999994,23.529411764705884,54.72370766488414,78.25311942959001,Greece,GRC,Europe
68,Grenada,19.4,17.6,344.7,0.12,0.06,0.06,100.5,62.99999999999999,30.793650793650794,27.936507936507944,58.730158730158735,Grenada,GRD,North America
69,Guatemala,31.6,7.1,171.8,18.41,9.28,9.13,98.4,61.300000000000004,51.549755301794455,11.582381729200652,63.13213703099511,Guatemala,GTM,North America
70,Guinea,40.9,5.3,60.0,14.75,7.45,7.3,98.0,53.800000000000004,76.02230483271374,9.851301115241634,85.87360594795538,Guinea,GIN,Africa
71,Guinea-Bissau,38.8,4.9,78.3,2.2,1.11,1.09,97.7,56.300000000000004,68.9165186500888,8.703374777975133,77.61989342806393,Guinea-Bissau,GNB,Africa
72,Guyana,29.2,10.5,4.2,0.83,0.43,0.4,94.9,60.3,48.424543946932005,17.412935323383085,65.83747927031509,Guyana,GUY,South America
73,Haiti,31.2,7.3,427.0,11.77,5.95,5.83,98.0,61.5,50.73170731707317,11.869918699186991,62.60162601626016,Haiti,HTI,North America
74,Honduras,30.6,6.8,99.3,10.83,5.38,5.45,101.4,62.60000000000001,48.88178913738019,10.862619808306707,59.7444089456869,Honduras,HND,North America
75,Hungary,14.4,26.6,106.9,9.68,5.03,4.65,92.4,58.99999999999999,24.40677966101695,45.08474576271187,69.49152542372882,Hungary,HUN,Europe
76,Iceland,17.8,21.1,3.9,0.39,0.19,0.2,104.9,61.1,29.132569558101473,34.53355155482815,63.66612111292962,Iceland,ISL,Europe
77,India,24.6,10.8,488.0,1450.94,702.61,748.32,106.5,64.60000000000001,38.08049535603715,16.718266253869967,54.79876160990712,India,IND,Asia
78,Indonesia,24.6,11.5,148.4,283.49,141.08,142.41,100.9,63.900000000000006,38.497652582159624,17.996870109546165,56.49452269170579,Indonesia,IDN,Asia
79,Iran,22.4,12.2,56.2,91.57,45.04,46.53,103.3,65.39999999999999,34.25076452599389,18.654434250764528,52.90519877675841,Iran,IRN,Asia
80,Iraq,36.6,5.5,106.1,46.04,22.93,23.11,100.8,57.9,63.212435233160626,9.499136442141625,72.71157167530225,Iraq,IRQ,Asia
81,Ireland,18.6,21.4,76.9,5.26,2.65,2.6,98.0,60.00000000000001,31.0,35.66666666666666,66.66666666666666,Ireland,IRL,Europe
82,Israel,27.4,16.5,433.7,9.39,4.71,4.67,99.2,56.099999999999994,48.84135472370767,29.411764705882355,78.25311942959001,Israel,ISR,Asia
83,Italy,11.9,32.1,200.5,59.34,30.34,29.0,95.6,55.99999999999999,21.250000000000004,57.32142857142858,78.57142857142858,Italy,ITA,Europe
84,Jamaica,18.7,13.0,262.2,2.84,1.44,1.4,97.8,68.3,27.379209370424597,19.03367496339678,46.41288433382138,Jamaica,JAM,North America
85,Japan,11.4,35.9,328.4,123.75,63.38,60.37,95.3,52.699999999999996,21.631878557874764,68.1214421252372,89.75332068311195,Japan,JPN,Asia
86,Jordan,30.7,7.3,130.1,11.55,5.6,5.96,106.5,62.0,49.516129032258064,11.774193548387096,61.29032258064516,Jordan,JOR,Asia
87,Kazakhstan,29.4,13.2,7.6,20.59,10.56,10.03,95.0,57.39999999999999,51.21951219512195,22.99651567944251,74.21602787456446,Kazakhstan,KAZ,Asia
88,Kenya,36.8,4.8,97.2,56.43,28.38,28.06,98.9,58.400000000000006,63.01369863013697,8.21917808219178,71.23287671232875,Kenya,KEN,Africa
89,Kiribati,34.7,7.2,185.3,0.13,0.07,0.07,94.3,58.099999999999994,59.724612736660944,12.392426850258177,72.11703958691912,Kiribati,KIR,Oceania
90,Kuwait,18.2,5.9,276.9,4.93,1.92,3.02,157.2,75.89999999999999,23.978919631093547,7.773386034255601,31.752305665349148,Kuwait,KWT,Asia
91,Kyrgyzstan,32.3,9.5,37.5,7.19,3.63,3.55,97.8,58.2,55.498281786941575,16.323024054982817,71.82130584192439,Kyrgyz Republic,KGZ,Asia
92,Laos,30.2,7.5,33.7,7.77,3.87,3.9,101.0,62.3,48.47512038523274,12.038523274478331,60.51364365971107,Laos,LAO,Asia
93,Latvia,15.4,28.8,30.1,1.87,1.0,0.87,86.4,55.8,27.598566308243726,51.61290322580645,79.21146953405017,Latvia,LVA,Europe
94,Lebanon,26.2,14.7,567.5,5.81,2.98,2.82,94.7,59.099999999999994,44.33164128595601,24.87309644670051,69.20473773265653,Lebanon,LBN,Asia
95,Lesotho,34.5,5.8,77.0,2.34,1.2,1.14,95.0,59.7,57.78894472361809,9.715242881072026,67.50418760469012,Lesotho,LSO,Africa
96,Liberia,39.5,5.3,58.3,5.61,2.81,2.8,99.7,55.2,71.55797101449275,9.601449275362318,81.15942028985506,Liberia,LBR,Africa
97,Libya,27.4,8.2,4.4,7.38,3.63,3.75,103.4,64.39999999999999,42.54658385093168,12.732919254658388,55.27950310559007,Libya,LBY,Africa
98,Liechtenstein,14.3,28.4,249.2,0.04,0.02,0.02,98.7,57.300000000000004,24.956369982547994,49.56369982547992,74.52006980802791,Liechtenstein,LIE,Europe
99,Lithuania,14.7,27.4,45.7,2.86,1.51,1.35,89.4,57.9,25.38860103626943,47.32297063903281,72.71157167530224,Lithuania,LTU,Europe
100,Luxembourg,15.8,21.5,259.9,0.67,0.33,0.34,101.3,62.7,25.199362041467303,34.29027113237639,59.48963317384369,Luxembourg,LUX,Europe
101,Madagascar,39.3,5.4,54.9,31.97,15.93,16.03,100.6,55.300000000000004,71.06690777576853,9.764918625678119,80.83182640144665,Madagascar,MDG,Africa
102,Malawi,40.7,4.0,229.0,21.66,11.09,10.57,95.3,55.3,73.5985533453888,7.233273056057866,80.83182640144666,Malawi,MWI,Africa
103,Malaysia,21.8,11.6,108.2,35.56,16.94,18.62,109.9,66.60000000000001,32.73273273273273,17.417417417417415,50.15015015015014,Malaysia,MYS,Asia
104,Maldives,19.6,7.5,1759.3,0.53,0.2,0.33,162.6,72.9,26.886145404663925,10.288065843621398,37.174211248285324,Maldives,MDV,Asia
105,Mali,46.1,3.7,20.1,24.48,12.13,12.35,101.8,50.199999999999996,91.83266932270917,7.370517928286853,99.20318725099602,Mali,MLI,Africa
106,Malta,13.0,26.0,1713.0,0.54,0.26,0.28,107.9,61.0,21.311475409836063,42.62295081967213,63.93442622950819,Malta,MLT,Europe
107,Marshall Islands,34.5,7.7,208.6,0.04,0.02,0.02,105.1,57.8,59.688581314878896,13.321799307958479,73.01038062283737,Marshall Islands,MHL,Oceania
108,Mauritania,42.7,5.1,5.0,5.17,2.63,2.54,96.3,52.199999999999996,81.80076628352492,9.770114942528735,91.57088122605366,Mauritania,MRT,Africa
109,Mauritius,14.8,19.9,626.2,1.27,0.64,0.63,99.7,65.30000000000001,22.6646248085758,30.474732006125567,53.13935681470137,Mauritius,MUS,Africa
110,Mexico,24.5,12.2,66.8,130.86,67.4,63.46,94.2,63.3,38.70458135860979,19.273301737756714,57.97788309636651,Mexico,MEX,North America
111,Micronesia,31.8,9.3,161.7,0.11,0.06,0.06,98.7,58.900000000000006,53.98981324278438,15.789473684210526,69.7792869269949,"Micronesia, Fed. Sts.",FSM,Oceania
112,Monaco,13.5,43.5,25926.8,0.04,0.02,0.02,95.8,43.0,31.3953488372093,101.16279069767442,132.55813953488374,Monaco,MCO,Europe
113,Mongolia,32.2,8.7,2.2,3.48,1.74,1.73,99.4,59.099999999999994,54.48392554991541,14.720812182741117,69.20473773265653,Mongolia,MNG,Asia
114,Montenegro,18.1,24.2,46.2,0.64,0.33,0.31,92.8,57.7,31.369150779896017,41.94107452339688,73.3102253032929,Montenegro,MNE,Europe
115,Morocco,25.6,12.3,85.3,38.08,18.88,19.2,101.7,62.10000000000001,41.223832528180345,19.806763285024154,61.0305958132045,Morocco,MAR,Africa
116,Mozambique,44.5,4.1,44.0,34.63,17.83,16.8,94.2,51.4,86.57587548638132,7.976653696498054,94.55252918287937,Mozambique,MOZ,Africa
117,Myanmar,24.3,11.4,83.4,54.5,27.37,27.13,99.1,64.3,37.791601866251945,17.7293934681182,55.52099533437014,Myanmar,MMR,Asia
118,Namibia,37.0,5.9,3.7,3.03,1.55,1.48,95.5,57.1,64.79859894921191,10.33274956217163,75.13134851138354,Namibia,NAM,Africa
119,Nauru,37.8,5.1,597.3,0.01,0.01,0.01,103.7,57.1,66.19964973730296,8.93169877408056,75.13134851138352,Nauru,NRU,Oceania
120,Nepal,28.4,9.6,201.5,29.65,15.45,14.2,91.9,61.99999999999999,45.806451612903224,15.483870967741936,61.29032258064516,Nepal,NPL,Asia
121,Netherlands,15.0,27.3,541.4,18.23,9.17,9.06,98.7,57.7,25.99653379549393,47.313691507798964,73.3102253032929,Netherlands,NLD,Europe
122,New Zealand,18.1,23.3,19.7,5.21,2.62,2.59,98.8,58.60000000000001,30.887372013651877,39.76109215017065,70.64846416382252,New Zealand,NZL,Oceania
123,Nicaragua,28.8,8.3,57.5,6.92,3.51,3.4,96.8,62.900000000000006,45.786963434022255,13.195548489666137,58.98251192368839,Nicaragua,NIC,North America
124,Niger,46.6,4.2,21.3,27.03,13.31,13.73,103.1,49.199999999999996,94.71544715447155,8.536585365853659,103.2520325203252,Niger,NER,Africa
125,Nigeria,41.0,4.9,255.5,232.68,115.01,117.67,102.3,54.1,75.78558225508317,9.057301293900185,84.84288354898335,Nigeria,NGA,Africa
126,North Macedonia,16.8,24.7,73.2,1.82,0.94,0.89,94.7,58.5,28.717948717948723,42.22222222222222,70.94017094017094,North Macedonia,MKD,Europe
127,Norway,16.2,24.6,18.3,5.58,2.77,2.81,101.6,59.199999999999996,27.364864864864863,41.554054054054056,68.91891891891892,Norway,NOR,Europe
128,Oman,24.7,4.3,17.1,5.28,2.0,3.29,164.6,71.0,34.78873239436619,6.056338028169014,40.84507042253521,Oman,OMN,Asia
129,Pakistan,36.7,6.7,326.0,251.27,123.84,127.43,102.9,56.599999999999994,64.8409893992933,11.837455830388693,76.678445229682,Pakistan,PAK,Asia
130,Panama,24.9,13.5,60.9,4.52,2.26,2.26,100.0,61.599999999999994,40.422077922077925,21.91558441558442,62.337662337662344,Panama,PAN,North America
131,Papua New Guinea,33.5,5.9,23.4,10.58,5.14,5.44,105.9,60.6,55.28052805280528,9.735973597359736,65.01650165016501,Papua New Guinea,PNG,Oceania
132,Paraguay,28.6,9.9,17.1,6.93,3.46,3.47,100.6,61.50000000000001,46.5040650406504,16.097560975609753,62.601626016260155,Paraguay,PRY,South America
133,Peru,24.0,13.0,26.7,34.22,17.2,17.02,98.9,63.0,38.095238095238095,20.634920634920633,58.73015873015873,Peru,PER,South America
134,Philippines,27.9,8.8,386.1,115.84,58.06,57.78,99.5,63.3,44.07582938388626,13.902053712480257,57.97788309636651,Philippines,PHL,Asia
135,Poland,14.8,26.3,125.9,38.54,19.87,18.67,94.0,58.900000000000006,25.127334465195243,44.65195246179966,69.7792869269949,Poland,POL,Europe
136,Portugal,12.8,31.5,113.3,10.43,5.46,4.97,91.0,55.7,22.980251346499102,56.552962298025136,79.53321364452424,Portugal,PRT,Europe
137,Qatar,15.1,3.5,263.1,3.05,0.88,2.17,248.2,81.4,18.55036855036855,4.2997542997543,22.85012285012285,Qatar,QAT,Asia
138,South Korea,10.6,27.4,522.7,51.72,25.9,25.81,99.7,62.00000000000001,17.096774193548384,44.19354838709676,61.290322580645146,South Korea,KOR,Asia
139,Moldova,19.8,23.0,92.3,3.04,1.64,1.4,85.2,57.2,34.61538461538461,40.20979020979021,74.82517482517483,Moldova,MDA,Europe
140,Romania,15.7,25.3,82.6,19.02,9.81,9.21,93.9,59.0,26.610169491525422,42.88135593220339,69.49152542372882,Romania,ROU,Europe
141,Russia,17.3,24.0,8.8,144.82,77.62,67.21,86.6,58.7,29.471890971039183,40.88586030664395,70.35775127768314,Russia,RUS,Europe
142,Rwanda,37.4,6.1,588.9,14.26,7.3,6.95,95.2,56.5,66.19469026548673,10.79646017699115,76.99115044247787,Rwanda,RWA,Africa
143,Saint Kitts and Nevis,18.2,17.1,180.2,0.05,0.02,0.02,91.8,64.69999999999999,28.129829984544052,26.429675425038646,54.5595054095827,St. Kitts and Nevis,KNA,North America
144,Saint Lucia,17.5,14.9,291.8,0.18,0.09,0.09,97.5,67.6,25.887573964497047,22.041420118343197,47.92899408284025,St. Lucia,LCA,North America
145,Saint Vincent and the Grenadines,21.3,17.8,258.0,0.1,0.05,0.05,103.8,60.900000000000006,34.97536945812808,29.22824302134647,64.20361247947454,St. Vincent and the Grenadines,VCT,North America
146,Samoa,38.5,9.2,77.0,0.22,0.11,0.11,101.4,52.3,73.61376673040154,17.590822179732314,91.20458891013385,Samoa,WSM,Oceania
147,San Marino,12.3,30.5,550.5,0.03,0.02,0.02,96.7,57.2,21.503496503496503,53.32167832167832,74.82517482517483,San Marino,SMR,Europe
148,Sao Tome and Principe,37.8,6.1,245.4,0.24,0.12,0.12,98.8,56.1,67.37967914438502,10.873440285204989,78.25311942959001,Sao Tome and Principe,STP,Africa
149,Saudi Arabia,23.8,5.2,15.8,33.96,13.4,20.56,153.4,71.0,33.52112676056338,7.323943661971831,40.84507042253521,Saudi Arabia,SAU,Asia
150,Senegal,38.2,5.6,96.1,18.5,9.1,9.41,103.4,56.199999999999996,67.97153024911033,9.9644128113879,77.93594306049823,Senegal,SEN,Africa
151,Serbia,14.3,29.5,87.8,6.74,3.54,3.2,90.3,56.2,25.444839857651246,52.491103202846965,77.9359430604982,Serbia,SRB,Europe
152,Seychelles,20.0,13.2,285.4,0.13,0.06,0.07,123.0,66.8,29.940119760479046,19.760479041916167,49.70059880239521,Seychelles,SYC,Africa
153,Sierra Leone,38.1,5.2,120.5,8.64,4.33,4.31,99.5,56.699999999999996,67.1957671957672,9.171075837742505,76.36684303350971,Sierra Leone,SLE,Africa
154,Singapore,11.7,19.1,8539.4,5.83,2.82,3.01,106.9,69.19999999999999,16.907514450867055,27.60115606936417,44.50867052023122,Singapore,SGP,Asia
155,Slovakia,15.8,24.8,112.3,5.51,2.82,2.69,95.4,59.400000000000006,26.599326599326602,41.75084175084175,68.35016835016836,Slovakia,SVK,Europe
156,Slovenia,14.7,28.6,105.2,2.12,1.05,1.06,101.0,56.699999999999996,25.925925925925924,50.440917107583786,76.36684303350971,Slovenia,SVN,Europe
157,Solomon Islands,37.0,5.7,28.4,0.82,0.4,0.42,104.6,57.3,64.57242582897034,9.947643979057592,74.52006980802793,Solomon Islands,SLB,Oceania
158,Somalia,46.6,4.1,30.3,19.01,9.49,9.52,100.4,49.3,94.52332657200813,8.316430020283976,102.8397565922921,Somalia,SOM,Africa
159,South Africa,25.9,10.2,52.4,64.01,32.85,31.15,94.8,63.89999999999999,40.532081377151805,15.96244131455399,56.4945226917058,South Africa,ZAF,Africa
160,South Sudan,38.9,5.0,21.2,11.94,6.07,5.87,96.8,56.1,69.34046345811052,8.9126559714795,78.25311942959001,South Sudan,SSD,Africa
161,Spain,12.9,28.1,95.4,47.91,24.39,23.52,96.4,58.99999999999999,21.86440677966102,47.62711864406781,69.49152542372883,Spain,ESP,Europe
162,Sri Lanka,22.0,17.2,368.4,23.1,11.93,11.18,93.7,60.8,36.18421052631579,28.289473684210524,64.47368421052632,Sri Lanka,LKA,Asia
163,Sudan,40.5,5.3,28.6,50.45,25.44,25.01,98.3,54.2,74.72324723247232,9.778597785977858,84.50184501845018,Sudan,SDN,Africa
164,Suriname,25.6,12.2,4.1,0.63,0.32,0.32,99.8,62.2,41.157556270096464,19.614147909967844,60.771704180064305,Suriname,SUR,South America
165,Sweden,17.0,26.4,26.0,10.61,5.26,5.34,101.5,56.6,30.035335689045933,46.64310954063604,76.67844522968197,Sweden,SWE,Europe
166,Switzerland,15.0,26.9,223.1,8.92,4.49,4.43,98.7,58.1,25.817555938037867,46.299483648881235,72.1170395869191,Switzerland,CHE,Europe
167,Syria,29.2,7.4,134.3,24.67,12.33,12.34,100.1,63.4,46.05678233438486,11.67192429022082,57.728706624605685,Syria,SYR,Asia
168,Tajikistan,36.3,6.7,74.0,10.59,5.39,5.2,96.6,57.0,63.68421052631579,11.75438596491228,75.43859649122807,Tajikistan,TJK,Asia
169,Thailand,14.7,22.0,140.3,71.67,36.77,34.9,94.9,63.3,23.22274881516588,34.75513428120063,57.97788309636651,Thailand,THA,Asia
170,Timor-Leste,33.7,7.5,94.2,1.4,0.69,0.71,101.7,58.8,57.31292517006803,12.755102040816327,70.06802721088435,Timor-Leste,TLS,Other
171,Togo,39.5,5.2,174.9,9.52,4.73,4.79,101.3,55.3,71.42857142857143,9.403254972875228,80.83182640144666,Togo,TGO,Africa
172,Tonga,35.4,9.7,160.3,0.1,0.06,0.05,89.5,54.89999999999999,64.48087431693989,17.66848816029144,82.14936247723134,Tonga,TON,Oceania
173,Trinidad and Tobago,17.8,18.6,293.9,1.51,0.76,0.75,97.8,63.6,27.9874213836478,29.245283018867923,57.23270440251572,Trinidad and Tobago,TTO,North America
174,Tunisia,24.0,14.4,79.0,12.28,6.21,6.07,97.7,61.6,38.961038961038966,23.376623376623375,62.33766233766234,Tunisia,TUN,Africa
175,Turkmenistan,31.5,7.9,15.9,7.49,3.82,3.68,96.4,60.6,51.98019801980198,13.036303630363037,65.01650165016503,Turkmenistan,TKM,Asia
176,Tuvalu,32.9,11.1,321.5,0.01,0.0,0.0,104.8,55.99999999999999,58.75,19.821428571428573,78.57142857142857,Tuvalu,TUV,Oceania
177,Turkey,21.4,15.0,113.7,87.47,43.81,43.66,99.7,63.599999999999994,33.64779874213836,23.584905660377363,57.23270440251572,Türkiye,TUR,Asia
178,Uganda,43.5,3.5,250.3,50.02,25.21,24.81,98.4,53.0,82.0754716981132,6.60377358490566,88.67924528301887,Uganda,UGA,Africa
179,Ukraine,13.9,26.3,65.4,37.86,20.26,17.6,86.9,59.8,23.244147157190636,43.979933110367895,67.22408026755853,Ukraine,UKR,Europe
180,United Arab Emirates,16.1,3.7,155.3,11.03,3.98,7.05,177.0,80.2,20.07481296758105,4.613466334164588,24.688279301745638,United Arab Emirates,ARE,Asia
181,United Kingdom,17.2,25.5,284.8,69.14,35.09,34.04,97.0,57.3,30.017452006980804,44.50261780104712,74.52006980802793,United Kingdom,GBR,Europe
182,Tanzania,42.5,4.5,77.4,68.56,34.58,33.98,98.3,53.0,80.18867924528303,8.49056603773585,88.67924528301887,Tanzania,TZA,Africa
183,United States of America,17.3,24.2,37.8,345.43,171.88,173.55,101.0,58.5,29.572649572649574,41.36752136752136,70.94017094017093,United States,USA,North America
184,Uruguay,18.3,21.4,19.6,3.39,1.74,1.64,94.2,60.300000000000004,30.34825870646766,35.489220563847425,65.83747927031509,Uruguay,URY,South America
185,Uzbekistan,31.1,9.5,85.5,36.36,18.02,18.34,101.8,59.400000000000006,52.35690235690236,15.993265993265993,68.35016835016836,Uzbekistan,UZB,Asia
186,Vanuatu,38.3,6.7,26.9,0.33,0.16,0.17,101.9,55.0,69.63636363636363,12.181818181818183,81.81818181818181,Vanuatu,VUT,Oceania
187,Venezuela,25.5,14.3,31.0,28.41,14.37,14.03,97.6,60.2,42.35880398671096,23.754152823920265,66.11295681063123,Venezuela,VEN,South America
188,Vietnam,23.2,13.9,322.2,100.99,51.53,49.46,96.0,62.9,36.88394276629571,22.09856915739269,58.9825119236884,Vietnam,VNM,Asia
189,Yemen,41.1,4.0,76.9,40.58,20.03,20.56,102.7,54.9,74.86338797814209,7.285974499089254,82.14936247723134,Yemen,YEM,Asia
190,Zambia,41.5,3.3,28.7,21.32,10.76,10.55,98.0,55.2,75.18115942028986,5.978260869565217,81.15942028985508,Zambia,ZMB,Africa
191,Zimbabwe,40.9,5.0,43.0,16.63,8.71,7.93,91.1,54.1,75.60073937153419,9.242144177449168,84.84288354898335,Zimbabwe,ZWE,Africa
